Company,Stock Symbol,Transaction Date,Transaction Type,Shares,Share Price ($),Transaction Amount ($)
"Miller, Alexander and Martin",zaVl,2023-07-12,Dividend,950,246.7,68120.2
Taylor-Freeman,yete,2024-04-02,Sell,967,434.9,97784.06
Miller Group,jBca,2023-04-05,Buy,607,209.24,3047.45
Smith-Macias,QkkS,2023-05-31,Sell,374,116.24,82149.86
"Young, Castro and Day",dMVW,2024-04-07,Dividend,306,467.78,14609.28
Sullivan LLC,BGNH,2024-01-02,Interest,465,352.1,20543.46
Morton LLC,drwz,2023-01-28,Dividend,408,275.51,8980.08
Landry Ltd,sHjT,2023-06-20,Interest,297,365.78,84687.67
Smith-Gonzalez,HNhx,2022-10-16,Buy,880,289.03,32266.12
Williams LLC,CtTc,2024-01-04,Interest,855,409.49,71428.35
"Decker, Barker and Robertson",rYuk,2023-05-04,Interest,1,308.46,30076.41
Jones-Hall,RqMo,2024-04-22,Dividend,114,284.5,44902.12
Boone-Diaz,uYIs,2024-05-18,Buy,473,493.51,99276.29
Morris Group,xtMQ,2023-02-14,Dividend,96,201.61,45471.31
Watkins-Jones,cmiY,2022-12-02,Sell,183,44.43,50829.51
"Thomas, Morales and Flores",rohx,2023-07-10,Interest,468,287.88,2323.63
Richards LLC,lPSo,2024-06-20,Buy,44,36.6,25896.22
Cantrell-Weaver,ZeaI,2022-12-09,Dividend,81,421.77,17186.63
Keller Inc,HhxV,2023-08-01,Interest,103,372.47,65603.61
"Williams, Jackson and Zhang",vIsg,2024-04-07,Buy,478,195.2,62272.56
Sims LLC,cdCl,2024-02-14,Dividend,686,379.5,9556.56
Rogers and Sons,MPqL,2023-02-09,Sell,630,269.62,34855.95
"Hall, Lynch and Rogers",MDDz,2022-12-24,Dividend,410,92.41,10143.68
Kaufman-Brown,RcpF,2024-06-23,Sell,135,239.95,15607.19
"Smith, Rios and Hill",mfUp,2022-12-02,Dividend,205,217.03,46777.06
Sullivan LLC,XXGr,2023-02-28,Interest,772,212.23,30600.43
Green and Sons,TZMS,2023-03-04,Interest,145,439.38,79214.97
"Walls, Nguyen and Nunez",tIgb,2023-08-03,Sell,646,366.81,48143.52
"Monroe, Willis and Robertson",NiQK,2022-09-24,Buy,1000,259.23,82740.5
"Sims, Green and Hernandez",Dsan,2023-05-10,Interest,205,413.47,30156.42
Carney-Fox,KdBF,2023-07-06,Sell,458,347.15,55548.18
"Anderson, Chavez and Solis",vtPX,2022-11-01,Sell,103,298.22,39767.44
Cabrera Group,gtob,2023-08-05,Dividend,157,237.32,72732.76
Gates Group,rFNF,2023-01-12,Dividend,960,123.9,78599.63
"Carpenter, Kelly and Johnson",xvjF,2023-06-20,Sell,671,181.97,72855.41
Castillo LLC,rVjL,2024-01-27,Buy,284,267.88,99663.14
Olson-Navarro,sGDu,2023-01-24,Interest,530,149.83,44826.39
Curtis-Brock,kvpN,2022-10-22,Buy,800,283.35,5223.74
Jenkins-Clements,KPtj,2023-04-30,Buy,72,243.28,37156.29
Mitchell Group,mqWn,2023-03-09,Buy,820,460.94,62969.07
Sandoval Group,ocsz,2024-06-22,Buy,829,126.56,13538.73
West Group,GvTO,2022-12-06,Dividend,522,436.03,41855.02
White LLC,IUPg,2023-12-19,Buy,2,25.53,11060.74
"Kelly, Lawson and Hanson",aACf,2023-06-04,Sell,913,467.79,52140.68
"Watkins, Vega and Zimmerman",ANhx,2022-10-08,Dividend,535,387.39,74032.01
"Moreno, Williams and Cohen",HQzA,2023-11-27,Dividend,852,116.69,35909.18
"Compton, Bell and Ferguson",wVrT,2024-06-10,Dividend,22,63.43,65834.09
Cooley-Ellis,Xpzq,2022-11-08,Interest,640,306.73,70872.64
"Martinez, Williams and Jones",lvMR,2022-12-10,Sell,217,499.11,2130.62
Mays-Carlson,ACML,2022-10-27,Sell,514,141.71,27572.32
Long-Walker,uKXj,2023-10-31,Buy,723,80.03,40449.94
"Holt, Sloan and Rice",KPla,2023-07-10,Dividend,928,360.28,69755.19
"Castro, Schmitt and Edwards",CeQX,2024-08-23,Interest,93,394.03,85600.16
"Schwartz, Garcia and Carter",GvWv,2023-03-01,Dividend,363,59.1,8142.7
Schmidt-Wong,IWxY,2024-09-08,Dividend,990,143.97,71778.86
Richard Inc,hRQw,2024-07-24,Buy,654,400.04,23055.12
Yates-Wilson,Rapi,2022-11-09,Dividend,83,29.59,58459.08
Cuevas PLC,CvwX,2024-03-05,Sell,971,295.65,14589.48
Mitchell-Gallagher,PWaD,2023-12-09,Buy,217,316.37,51060.45
Williams PLC,MpaX,2023-01-04,Interest,356,235.58,21074.21
"Williams, Cox and Cameron",siiM,2024-07-22,Dividend,533,496.1,94079.75
Hill Group,psXt,2023-06-20,Buy,657,276.43,61683.59
"Anderson, Hart and Smith",aLQu,2023-11-29,Sell,698,349.5,74597.03
"Howard, Wright and Mcintyre",QnrI,2024-08-05,Sell,315,67.75,35384.21
Barnes-Smith,Gfez,2022-12-03,Buy,364,18.18,49158.17
Byrd Inc,vpBs,2023-10-23,Interest,241,22.01,22675.72
"Wright, Pierce and Sanders",ZIdz,2022-12-10,Interest,569,243.84,79956.52
Gonzalez-Barnes,xsQH,2023-06-07,Interest,535,52.01,38630.77
Smith Inc,qhlx,2023-04-04,Interest,18,389.69,29940.59
Neal-Pitts,UyDX,2024-08-05,Dividend,486,68.74,72068.31
Wilson Inc,albC,2023-09-19,Interest,158,46.41,78945.59
"Clark, Garza and Avila",lvPP,2023-11-25,Dividend,201,306.64,20093.49
Taylor Group,pqXR,2024-08-13,Interest,357,365.27,86485.43
"Morris, Hall and Andrews",PGDB,2024-07-23,Dividend,819,217.9,50907.16
"Valdez, Hines and Harris",gMLa,2024-09-06,Interest,13,154.38,78541.35
Jackson and Sons,ctsg,2023-05-01,Dividend,367,144.42,58343.39
"Rose, Schultz and Wilkerson",qjAG,2023-01-16,Sell,363,389.01,2147.25
"Mitchell, Wade and Cain",OpKA,2022-12-25,Dividend,928,117.16,85101.6
Love Group,sLlq,2023-07-23,Interest,644,56.9,77750.17
Johnson LLC,NpaV,2023-11-02,Sell,173,382.01,91588.95
Gilbert-Cordova,KpOr,2022-11-18,Sell,221,20.67,32486.44
Fisher-Jackson,oYGC,2023-03-01,Sell,908,355.41,58325.81
Willis LLC,oTQv,2023-03-03,Buy,577,116.59,25297.74
"Henderson, Miller and Guzman",xSFp,2023-08-21,Dividend,572,131.19,19662.3
"Strickland, Paul and Rojas",oYKu,2024-04-12,Dividend,915,50.4,61968.01
Wright-Bird,PVYl,2022-11-06,Dividend,779,473.9,73938.42
Black and Sons,QmVi,2023-11-08,Dividend,718,83.13,88906.88
"Key, Browning and Hammond",RjJw,2024-03-13,Interest,441,406.11,51331.64
Green-Gomez,SUeW,2023-04-05,Buy,665,488.47,7307.69
"Newman, Esparza and Sutton",RMEe,2024-06-03,Interest,867,421.63,19398.22
Adams and Sons,KzUv,2022-10-18,Dividend,825,76.37,35808.07
"Thornton, Walker and Bates",BUym,2022-10-20,Dividend,426,275.26,35292.42
"York, Roman and Bean",rygz,2023-11-13,Dividend,380,345.22,40235.64
Williams LLC,WFeK,2022-11-18,Dividend,339,79.71,23345.18
"Anderson, Flynn and Coleman",vHUn,2023-05-25,Buy,880,122.13,50641.82
Johnson-Grant,IsmU,2023-04-19,Interest,440,351.97,18168.94
Riggs-Griffin,MnoS,2023-10-05,Sell,906,379.27,89714.92
Rice-Reyes,jlPB,2022-10-25,Sell,965,426.9,69741.63
"Castaneda, Hunt and Lara",euuH,2023-03-06,Buy,323,491.0,29155.27
Mathis-Carter,xWaD,2023-06-16,Interest,984,404.79,47763.54
Hendricks LLC,IVFC,2024-01-22,Interest,794,291.09,51977.94
Obrien PLC,hajL,2024-05-04,Sell,885,465.69,44746.15
Estes-Pearson,cULu,2023-08-07,Buy,779,392.71,62641.75
Martinez-Cross,JpGT,2022-09-27,Dividend,826,172.17,53261.2
Jackson-Medina,Wexb,2024-08-28,Sell,969,222.14,83429.99
"Stokes, Riley and Weaver",qpig,2024-05-21,Interest,971,422.89,13233.28
Morrow-Velez,wnMl,2023-07-06,Sell,751,151.78,68392.35
David-Grimes,xMWy,2022-10-31,Sell,383,80.31,67198.58
"Pearson, Weber and Porter",Thfp,2024-01-28,Interest,803,92.45,79657.58
Short Inc,lneh,2023-09-17,Buy,96,221.99,86212.53
Guerrero Inc,zAeI,2023-12-25,Interest,264,175.85,33437.78
"Johnston, Frye and Mullins",BbrK,2023-02-14,Buy,985,129.49,84846.46
"Clements, Gonzalez and Bennett",lnbB,2024-08-19,Buy,679,368.31,48226.23
"Rodriguez, Johnson and Hawkins",zWFM,2023-07-23,Sell,400,211.87,50264.07
Ellis LLC,Uaqw,2024-05-07,Interest,635,194.74,91338.23
"Jones, Jones and Thompson",BJZF,2022-12-03,Interest,172,315.14,47885.31
"Estrada, Silva and Wilson",jPqe,2024-02-17,Sell,979,179.65,6471.07
"Chung, Krueger and Dominguez",nbAL,2023-12-01,Dividend,581,188.33,52021.51
Johnson LLC,VyKj,2024-01-15,Sell,835,207.37,76313.85
"Allen, Lopez and Garrett",tTMR,2023-04-19,Sell,641,454.45,69910.07
"Johnson, George and Jenkins",focN,2024-08-21,Interest,63,179.71,23583.79
Rios-Rodriguez,bZmo,2023-01-14,Sell,610,432.23,30511.88
Mason-Robles,hqTH,2022-11-02,Buy,847,462.02,75490.93
Lane LLC,XyMV,2022-12-06,Dividend,554,411.5,33329.04
Johnson Inc,LRqd,2024-08-06,Sell,388,402.1,15532.6
"Hardin, Wilson and Johnson",iccj,2023-09-13,Sell,860,397.52,60222.4
"Cooper, Haas and Bowen",gaql,2023-06-25,Sell,723,276.09,28092.41
"Hernandez, Baker and Williams",lHYa,2023-01-14,Sell,95,425.83,1352.71
Nichols-Francis,mtMP,2023-06-05,Dividend,17,150.96,72242.87
"Foley, Greer and Banks",WJUM,2024-04-01,Buy,537,219.62,48611.89
"Thomas, Thompson and Martin",dceg,2024-08-08,Buy,776,442.48,40401.0
Mcconnell and Sons,rzxb,2024-06-26,Buy,289,52.85,12984.71
Meyer-Shepherd,PZeg,2023-12-08,Interest,483,268.94,26481.65
Washington-Cox,tuSu,2022-10-14,Buy,339,160.3,32744.51
Huang-Gonzalez,qACl,2023-10-14,Buy,884,337.55,59970.07
Bush-Griffith,WfNU,2023-08-17,Interest,978,10.97,11532.22
Jackson-Walters,PtUZ,2024-09-10,Buy,545,332.65,29056.94
"Ramirez, Johnson and Boone",xeFr,2024-03-03,Interest,212,494.13,53067.12
Turner and Sons,ICUV,2022-11-20,Interest,219,469.68,34013.24
"Schroeder, Ramos and Dalton",DXjD,2023-07-10,Interest,180,149.66,70704.93
Silva Group,Hhos,2024-07-21,Dividend,719,182.11,56450.4
Harris and Sons,cNIN,2023-06-30,Interest,218,219.88,35552.77
"Fields, Foster and Cohen",cfnl,2024-09-07,Sell,988,16.37,26986.79
"Garcia, Ayala and Davis",QZgX,2023-03-10,Interest,821,178.23,29526.44
Peters Group,qPRc,2024-04-29,Sell,745,419.75,12400.03
Stout-Williams,LwEs,2024-06-22,Buy,65,81.84,76579.85
Logan and Sons,ZWRw,2024-05-07,Interest,35,224.03,54417.63
"Parker, Allen and Turner",DYQU,2022-12-22,Buy,174,135.56,73859.77
Cohen-Adams,TmOJ,2024-01-02,Interest,352,231.48,81286.56
Cox-Peters,wEXn,2024-07-22,Dividend,79,265.77,68972.43
Aguirre-Morris,pptf,2023-05-22,Sell,928,396.37,2870.73
Vasquez PLC,pRna,2024-04-25,Interest,982,346.82,5444.61
"Bell, Anderson and Boyer",CmuH,2022-10-09,Dividend,1,361.83,76935.81
Jacobson-Yang,evFN,2023-12-13,Dividend,42,330.68,11858.05
Klein Inc,PDIi,2023-08-30,Buy,974,66.88,61429.89
Fletcher-Mathis,eADy,2024-01-23,Buy,571,153.3,27391.34
"Moore, Morris and Mann",viaY,2022-10-20,Interest,481,494.4,9814.91
Williams LLC,OOVU,2022-10-12,Interest,155,369.4,57000.76
Garcia Ltd,cGtx,2023-09-07,Interest,860,160.19,1521.48
"Jones, Schultz and Mckee",uGlX,2024-01-02,Dividend,68,414.88,60325.21
Garrison PLC,yQMw,2024-08-19,Buy,926,127.8,15108.15
Medina LLC,jqyO,2023-06-04,Dividend,728,349.94,41975.17
Torres Ltd,LICi,2022-12-25,Dividend,98,291.38,78906.25
"Lynch, Maldonado and Pennington",JqDJ,2024-04-04,Sell,216,177.48,68804.54
Fuller-Johnson,ZRZs,2023-08-27,Dividend,464,49.68,66900.32
"Cabrera, Hensley and Santana",nTKl,2023-05-31,Interest,636,413.71,55110.91
Freeman-Gillespie,mVxp,2022-10-27,Dividend,994,169.81,46515.59
Walsh-Marshall,Bwxv,2022-10-04,Sell,5,319.62,34635.99
Hughes and Sons,hhRl,2024-01-18,Dividend,291,304.71,78535.77
"Rose, Nicholson and Hooper",memg,2024-04-07,Interest,214,403.69,32071.31
Harris-Richardson,YaZj,2022-12-24,Dividend,724,219.27,17598.31
"Dunn, Smith and Martin",Bitt,2023-12-18,Dividend,299,370.92,79678.69
Rivera-Thompson,Gdtw,2023-12-21,Interest,155,197.98,9980.48
Edwards-Cruz,ADHq,2024-07-06,Sell,88,127.96,70234.4
"Hubbard, Young and Silva",ViKZ,2024-08-10,Dividend,431,171.76,17973.58
Richards PLC,FqfO,2022-10-19,Dividend,641,487.97,89666.0
Brown-Jenkins,PPjO,2024-01-24,Interest,945,337.97,94147.73
Moore LLC,CFvY,2024-04-21,Interest,131,162.58,59489.8
Aguirre Group,rzRe,2022-12-17,Interest,264,71.61,92369.15
"Terry, Caldwell and Blackburn",qSTs,2022-12-18,Dividend,591,462.34,58620.11
Ramirez Group,VhBA,2023-04-07,Buy,791,54.33,10556.01
Levy PLC,Liig,2023-03-22,Sell,366,73.59,79065.02
Martin-Hill,jyiN,2023-10-18,Dividend,862,53.65,92636.5
"Carter, Green and Jones",zepa,2024-05-27,Interest,780,314.87,89620.91
Lucas-Lewis,odQt,2023-01-10,Buy,341,392.83,34120.96
"Ponce, Price and Silva",xZba,2023-04-04,Sell,83,73.93,18376.44
"Schultz, Morgan and Jones",LHuH,2023-11-30,Buy,274,446.8,48444.41
"Clark, Howard and Jenkins",HGXO,2023-02-19,Dividend,627,298.55,4039.72
Burns PLC,jmbO,2023-01-08,Interest,508,303.4,77676.05
Chapman-Thompson,YyQJ,2023-09-29,Buy,163,184.19,89731.73
Bonilla-Kelly,zpET,2022-09-22,Sell,408,272.07,24505.54
"Jordan, Santiago and Frazier",fGkE,2023-08-05,Buy,797,22.25,49586.99
Castillo Ltd,NVku,2024-05-12,Sell,621,448.06,80269.77
Romero Inc,XfCq,2024-06-15,Dividend,298,19.92,54340.53
"Garner, Dixon and Wheeler",eEuL,2022-12-05,Sell,309,235.75,3202.34
"Blackwell, Murray and Mathis",ieQi,2024-03-12,Interest,734,279.21,23982.56
Wheeler and Sons,VbCM,2024-06-02,Sell,224,97.19,63066.62
Rodriguez-Gonzalez,Rdqe,2024-07-03,Buy,683,72.13,94288.65
Fernandez Ltd,TFkq,2022-09-30,Interest,673,186.33,28585.21
Alvarez-Robinson,SkJr,2023-04-22,Interest,641,448.34,8331.62
Santana LLC,xqUd,2024-02-24,Interest,543,273.9,63146.28
Patterson-Reyes,NdMq,2023-04-13,Buy,549,59.01,92772.31
Garner PLC,NZqE,2023-07-26,Interest,702,88.6,56520.05
Hill Inc,xvSl,2024-01-25,Interest,655,305.73,74427.49
Hall-Briggs,vwDl,2023-01-03,Buy,200,270.11,23142.87
Blair-Owens,bOXg,2023-01-16,Sell,896,204.8,68351.82
Davis LLC,yJnn,2024-07-17,Dividend,605,133.26,60901.79
"Torres, Fisher and Salazar",VtLN,2023-08-20,Buy,613,102.34,79933.69
"Baldwin, Rogers and Dillon",axLy,2023-09-26,Dividend,943,253.13,81199.99
Watson PLC,vVtl,2023-03-22,Interest,137,130.25,55580.03
Jones-Johnson,KoQp,2023-11-13,Sell,513,364.64,61298.16
"Williams, Terry and Ball",hRzA,2024-06-02,Sell,871,385.53,65722.92
Davis-Rowe,ylzC,2023-12-29,Interest,273,133.46,45832.15
Collins-Ibarra,omGF,2024-03-27,Buy,701,155.45,65079.43
"Rodriguez, Johns and Franco",eKTG,2023-09-22,Buy,532,178.34,44957.84
Castillo Group,ZNwU,2023-11-18,Buy,781,465.27,60224.73
Chavez Group,anrZ,2024-08-30,Sell,863,130.6,71681.15
Wilson Inc,jnmh,2023-07-08,Buy,626,119.02,52818.17
Byrd-Waters,fngh,2023-03-06,Dividend,98,454.68,39938.79
Holder-Mcdonald,LTxR,2023-07-21,Sell,642,71.34,75541.13
Miller-Randall,gvuE,2023-11-14,Dividend,590,294.0,50239.38
Woods Group,oTFp,2023-07-11,Interest,212,382.41,80625.36
Shaw-Schmidt,kbeu,2022-10-14,Sell,944,373.09,20634.64
Saunders LLC,lJkL,2023-06-15,Interest,385,245.7,4630.49
Casey PLC,EfyP,2024-07-13,Interest,172,399.7,17391.18
"Zamora, Fernandez and Lopez",kjNP,2024-07-07,Buy,640,225.48,71763.92
Brown Group,Indp,2023-04-14,Dividend,307,168.53,79447.82
Ward Group,ZCUb,2024-04-08,Sell,648,186.84,21380.16
Bernard-Wells,jIGz,2023-06-12,Dividend,52,174.74,12222.44
Smith-Cervantes,jxHO,2023-01-20,Interest,214,121.15,67356.33
Mason-Cox,DNxl,2024-05-25,Interest,841,209.39,11537.47
Weaver-Lopez,RfIp,2023-08-30,Buy,454,273.37,50190.8
Williams Inc,VPPG,2024-04-26,Sell,178,359.68,59516.78
"Bailey, Stanley and Bennett",LdtB,2024-03-31,Buy,933,477.62,95864.63
"Price, Green and Ruiz",IPvA,2022-10-22,Buy,2,77.61,27951.45
"Simmons, Payne and Pierce",hcEX,2024-01-01,Buy,393,475.85,61438.92
Smith PLC,MCkj,2024-09-03,Dividend,846,241.02,18626.84
"Whitney, Wong and White",aZnS,2024-09-06,Interest,606,398.87,3057.23
Hernandez Inc,YbvK,2023-03-23,Buy,276,268.82,10038.94
Hawkins-Doyle,BVSZ,2023-09-21,Sell,978,372.26,94145.21
Obrien-Chapman,MkaU,2024-05-30,Sell,193,484.72,39815.0
Johnson-Castro,RQDd,2022-10-03,Sell,551,220.22,30578.53
"Rivas, Wilson and Chang",ZcPT,2022-12-18,Dividend,511,23.41,51858.99
Holt Inc,cigR,2023-07-06,Buy,908,371.96,8246.78
Aguilar-Schultz,adpd,2024-07-16,Dividend,900,273.83,20244.39
"Gardner, Hayes and Reeves",KGWH,2022-10-29,Sell,967,415.61,27902.18
Mejia-Rice,oBns,2023-03-11,Sell,486,176.72,34099.37
Turner-Brown,qftV,2024-01-22,Sell,917,112.21,16160.6
Garcia-Gardner,fxCz,2022-10-09,Buy,562,215.93,18849.22
Thomas-Mendoza,KYHl,2023-09-23,Sell,611,222.65,77170.1
"Ramirez, Velasquez and Haas",hOjK,2023-04-08,Sell,540,462.99,56123.08
"Wilson, Cooper and Edwards",eHJX,2024-05-18,Interest,251,270.7,32524.51
Nielsen-Chambers,jaBT,2024-07-23,Sell,875,338.86,68322.98
"Bradley, Juarez and Hicks",aBXN,2023-01-05,Dividend,275,114.87,65440.88
"Miles, Campbell and Martinez",eJdC,2023-06-01,Interest,41,383.3,68244.72
Ballard and Sons,zGBC,2023-12-02,Buy,65,400.31,30814.4
Miller and Sons,ZtDm,2024-09-16,Interest,432,97.97,82521.53
Martin Inc,kFnT,2024-09-06,Dividend,340,77.49,33377.19
Li Group,OXsl,2022-11-01,Dividend,209,94.84,19697.5
Moon Group,FNTr,2023-02-16,Dividend,356,390.68,28160.31
"Johnson, Mcbride and Herrera",htNo,2023-02-14,Interest,525,247.08,57574.01
Harrison-Chambers,DtYD,2023-11-30,Buy,525,356.25,34392.29
"Mccarthy, Herrera and Romero",pqbg,2023-12-30,Interest,622,324.82,51463.21
"Wilkinson, Ross and Armstrong",EPLt,2023-05-28,Sell,342,78.04,3531.43
Meza Group,TyFq,2024-07-11,Interest,291,347.93,51680.28
Lucas-Washington,nQGB,2023-01-05,Interest,579,215.48,76616.75
Brooks Ltd,OzHw,2023-07-21,Interest,628,490.63,97055.9
Blair-Orozco,kyjG,2023-08-02,Dividend,158,484.06,69274.95
"Smith, Carson and Washington",ikvQ,2024-08-16,Sell,363,337.3,11510.55
"Mcdaniel, Everett and Gray",Gbht,2022-10-05,Buy,228,315.64,99542.71
Sanders PLC,iuwc,2024-08-08,Interest,812,332.2,31591.8
Roberts-Jimenez,HyMg,2023-01-26,Dividend,615,165.49,24993.44
Allen Ltd,ctLe,2023-10-05,Interest,756,468.0,5164.76
Cummings and Sons,evoX,2023-08-03,Interest,619,96.03,40549.98
Kelley LLC,qvOC,2023-07-27,Buy,398,56.21,91898.21
"Schmidt, Jones and Barrera",HzjQ,2024-09-04,Sell,812,303.46,96354.49
Garcia-Davis,ORKn,2024-02-18,Interest,84,280.93,86278.78
Lang Inc,hTmR,2023-06-04,Buy,177,250.6,99953.85
Mcmahon Group,PDsu,2024-06-03,Dividend,622,322.41,76961.4
"Jackson, Jones and Rios",WGSM,2024-07-17,Sell,98,446.48,54833.7
Price LLC,tBNb,2022-10-21,Buy,543,133.06,9301.04
Tate Ltd,ijku,2024-03-28,Dividend,178,139.26,46720.17
Frederick-Jimenez,UZwY,2023-12-31,Dividend,731,232.94,96238.39
"Rocha, West and Ward",kBkf,2023-08-28,Dividend,944,205.91,96941.11
Watts-Williams,Rrqf,2022-12-13,Interest,233,407.08,19137.28
Gonzales-Escobar,hiod,2024-08-09,Interest,552,61.94,79253.34
Bowman-Evans,akyk,2024-04-11,Buy,435,269.54,61622.63
Powell-Briggs,uftu,2022-10-18,Dividend,548,265.73,95289.96
Smith Ltd,zMiO,2024-02-07,Buy,202,489.38,51318.7
"Johnson, Smith and Pineda",sdEQ,2024-02-06,Dividend,294,134.22,1398.12
Rodriguez-Torres,qNSI,2024-06-20,Sell,629,26.44,90835.64
Holland-Medina,XQrn,2023-06-28,Sell,866,257.51,16617.33
"Rogers, Stewart and Krueger",GNGm,2024-02-10,Sell,859,30.13,30299.98
Jacobs and Sons,yEEg,2024-04-19,Interest,201,375.0,69353.92
Anderson-Davenport,knry,2023-11-15,Sell,475,125.18,42720.43
Hill-Cline,LlkO,2022-10-19,Dividend,177,362.07,27130.56
Lindsey LLC,bDyW,2024-04-21,Buy,41,102.21,45250.55
Jones-Thompson,PJKS,2023-02-20,Dividend,548,117.56,55796.68
"Stewart, Miller and Moore",kFBS,2023-02-13,Dividend,800,118.53,53089.43
Ortega-Taylor,akLo,2024-08-29,Buy,197,435.14,82730.72
Gregory and Sons,aVNB,2024-02-20,Buy,86,269.19,99177.23
Lee-Oliver,YPDO,2023-08-23,Interest,979,159.06,39558.56
Young-Jensen,hwUL,2022-10-24,Sell,343,190.92,89202.9
Miller-Jackson,XaeK,2022-10-30,Sell,456,316.31,89515.25
Jones and Sons,wzci,2022-12-14,Buy,701,336.93,26638.38
Moss LLC,uHrV,2024-04-04,Sell,370,7.8,8376.69
White-Reid,OYwL,2023-12-22,Dividend,711,345.13,63692.84
"Stevenson, Baker and Robinson",EUdx,2023-08-22,Sell,861,250.04,78907.96
Edwards and Sons,ouqv,2022-10-28,Interest,711,211.4,70485.7
Hunt-Martin,hQqU,2023-06-10,Buy,775,109.62,81992.45
Sanchez-Pacheco,uYXK,2023-10-28,Dividend,434,23.28,35468.64
Phillips-Chase,GSMV,2024-07-24,Dividend,221,279.64,94392.5
Morris-Parker,tfBg,2024-02-01,Buy,881,409.94,30249.38
"Moore, Schultz and Palmer",jSLJ,2023-08-20,Buy,785,351.15,1429.54
"Roth, Burch and Trujillo",XHlG,2024-02-08,Buy,566,138.66,17129.27
Mathis-Walsh,SmTJ,2023-03-01,Buy,867,375.13,75988.12
Smith-Rowe,rcib,2023-02-04,Sell,124,101.27,82589.13
Barker-Wallace,sKsy,2023-12-23,Sell,841,355.33,90398.25
Reyes-Gordon,Wbyc,2023-03-19,Interest,733,102.38,57350.89
Stone Inc,fozb,2024-01-21,Dividend,914,429.25,61708.37
Baldwin-Hunt,qKBf,2022-10-25,Buy,61,478.25,78419.85
Stevens Inc,ZyNw,2023-07-08,Dividend,748,386.11,60479.5
Vargas PLC,Dyic,2023-03-07,Dividend,541,427.19,91696.03
"Cruz, Barnett and Morales",XAOb,2023-02-17,Sell,67,200.17,18210.54
Duffy Group,XOFr,2024-08-01,Dividend,918,36.57,59068.28
Vega LLC,RiVA,2023-09-24,Sell,414,325.31,1309.1
"Cook, Lewis and Becker",paVY,2023-07-04,Interest,229,470.41,19233.46
Klein-Ritter,QiRZ,2023-01-21,Dividend,51,41.76,16985.7
Daniels-Trujillo,OGnY,2024-09-09,Dividend,541,491.55,94056.57
Roberts Ltd,ITje,2023-02-08,Sell,19,217.73,50981.5
Green-Ortiz,wtlW,2024-01-12,Buy,915,197.76,92501.93
"Clayton, Morgan and Ross",Byht,2023-06-23,Sell,321,123.54,92319.37
Spencer-Oconnor,bxfU,2022-09-28,Dividend,190,249.67,7866.82
Stevens-Haynes,McGO,2023-03-11,Dividend,283,267.88,89292.15
"Myers, Lara and Davis",Unoy,2023-10-11,Buy,961,92.84,23736.54
Stephens-Beck,jqdJ,2024-02-27,Dividend,289,318.06,16870.35
Miller-Gutierrez,LNPc,2022-09-27,Sell,203,190.38,10960.29
"Nelson, Collins and Johnson",GuCR,2023-02-23,Sell,470,94.57,69990.7
Wolfe Inc,ZsEM,2024-05-08,Sell,908,467.48,40274.41
"Beck, Gray and Cohen",SLor,2024-03-31,Sell,394,498.64,73700.96
Elliott-Lester,EDuc,2023-10-23,Interest,427,380.16,46985.91
Smith-Roberts,VoSm,2022-11-05,Buy,177,277.08,35929.94
Coleman Group,SDbT,2023-01-25,Buy,462,114.83,35070.96
Ruiz Group,VnVU,2023-02-21,Buy,215,259.21,42275.59
Rodriguez-Smith,kGyB,2023-03-15,Dividend,70,20.47,76196.85
Boyd LLC,yaAY,2024-06-15,Sell,494,28.74,52069.72
Nelson Ltd,jOrf,2024-04-11,Buy,900,393.03,48264.24
"Wilson, Davenport and Garcia",SpWc,2023-05-22,Dividend,844,486.85,21314.89
Arnold-Morales,Bvhe,2023-04-10,Interest,701,350.4,67594.85
Vasquez-Abbott,aUWY,2024-01-16,Interest,130,225.7,39068.8
"Brown, Chen and Martinez",iaPA,2023-10-05,Interest,204,347.09,41679.15
Rodriguez-Diaz,QrGH,2022-10-29,Interest,799,131.32,25556.21
Walters and Sons,HLYm,2024-02-12,Sell,501,383.19,78291.22
Hoffman-Ward,dpJu,2023-07-08,Dividend,962,385.95,28708.18
Holland-Miller,htXl,2023-11-10,Sell,653,304.99,16972.48
"Gray, Medina and Cohen",sQDf,2023-08-11,Buy,175,270.15,95044.82
Adams-Sullivan,AjDN,2023-07-08,Dividend,857,94.75,49408.61
"Norris, Lewis and Henderson",LzIR,2023-06-02,Dividend,367,128.18,8695.67
Chen LLC,YEdJ,2023-04-26,Interest,358,389.28,84381.14
Sawyer-Clark,yDUd,2024-01-12,Interest,757,167.78,37633.03
"Butler, Macdonald and Dorsey",AmeN,2023-09-29,Dividend,783,199.56,78293.23
Horton-Villarreal,MOxG,2023-10-04,Buy,201,263.21,95793.05
"Stark, Smith and Larson",YcCt,2024-04-29,Sell,265,252.71,70175.1
Adkins-Bates,ipwM,2023-01-19,Sell,333,498.35,19296.94
Preston and Sons,ndxG,2023-11-07,Interest,900,323.01,76658.41
"Castaneda, Wallace and Rogers",qgRI,2023-02-04,Buy,473,458.58,41080.98
Spears-Dixon,Iwqu,2024-04-16,Sell,623,27.75,1189.86
"Rios, Lawrence and Kelley",oBZN,2023-05-18,Interest,157,136.16,75854.23
Williams-Sanders,oDBJ,2022-10-13,Buy,45,29.59,37586.87
Patterson-Hood,BQkG,2024-09-14,Buy,268,397.69,49020.2
Wright Ltd,YSrr,2023-04-10,Interest,53,438.28,53527.91
Murray LLC,BvaS,2024-07-13,Buy,367,65.64,25944.45
"Johnson, Cole and Myers",XmSQ,2023-02-11,Interest,412,222.1,43100.05
Greer-Young,ybZO,2023-08-17,Dividend,585,277.87,39624.29
Woods Inc,blnQ,2024-03-20,Interest,636,429.54,86752.6
Day PLC,BkEu,2022-11-17,Interest,431,370.84,9078.81
"Lane, Fuller and Miller",HYgC,2023-10-06,Sell,893,316.89,63318.01
Pugh-Stanley,zZho,2022-12-14,Interest,117,256.06,1560.45
"Brown, Mccarthy and Price",nqII,2023-12-15,Buy,630,484.48,4075.77
Flores-Burgess,APpG,2023-02-03,Dividend,811,304.99,89840.18
Watts and Sons,lkxG,2024-02-21,Sell,468,204.58,96932.34
"Cook, Fields and Perez",Gkzd,2023-11-26,Buy,53,15.9,83612.67
Riggs and Sons,JCxw,2024-05-19,Interest,883,126.76,44320.2
"Johnson, Stuart and Callahan",MPDB,2024-02-19,Dividend,210,354.87,41074.64
Stark-Powell,AZKf,2023-12-18,Sell,338,35.57,12402.78
Nguyen Group,ZigN,2024-04-26,Buy,567,46.86,54599.92
Bennett-Briggs,yoqv,2023-11-10,Sell,254,132.95,47479.49
"Mathews, Hernandez and Goodman",GQtu,2023-09-12,Buy,263,29.28,97520.25
Taylor-Davis,oaOD,2023-06-28,Buy,607,476.63,93905.23
Martin-Stephens,bYLq,2023-01-04,Dividend,702,272.86,65046.67
Campbell Ltd,imnF,2024-04-01,Dividend,724,422.56,42612.46
"Johnson, Smith and Long",EDjc,2023-09-22,Dividend,999,413.77,68226.48
"Webb, Harris and Garcia",pvWN,2023-10-09,Buy,600,201.71,65914.89
Horton Group,ejed,2023-10-28,Buy,181,454.82,89133.64
Yu LLC,OBoF,2023-06-05,Sell,261,202.36,92163.24
"Howard, Jones and Snow",qGxG,2023-11-04,Buy,103,181.32,63271.64
Kennedy and Sons,SclT,2024-01-18,Interest,449,403.45,13629.77
Fox-Glenn,hvxZ,2023-07-01,Dividend,501,256.52,30625.81
Johnson-Williams,yRvk,2023-08-13,Dividend,462,356.12,18511.62
Barry-Burke,ghCI,2024-04-02,Interest,744,276.18,63388.05
Hall-Gibson,xPMy,2023-02-08,Sell,322,15.07,83264.19
Keith-Byrd,hyWH,2023-09-28,Buy,333,32.02,85689.7
"Holmes, Kaufman and Dunn",yvKR,2024-05-18,Interest,350,61.24,73558.83
Abbott-Parks,aHie,2023-07-09,Dividend,309,478.52,65466.53
Simon and Sons,LXHk,2024-03-31,Interest,654,407.86,41223.48
Bennett-Lopez,TDrg,2023-11-20,Interest,15,303.68,93621.43
"Mitchell, Bishop and Day",sugj,2023-07-22,Dividend,145,57.7,2022.75
"Schneider, Ibarra and Edwards",jHHe,2024-09-07,Sell,56,493.58,57155.53
Tucker and Sons,yUNa,2024-07-03,Interest,191,170.08,34047.76
Diaz Inc,dwJM,2023-03-28,Dividend,163,368.43,42249.3
"Taylor, Pena and Saunders",RSNX,2024-03-31,Buy,20,36.22,68305.25
Henderson Ltd,jSVt,2024-06-11,Interest,324,123.6,95026.9
Gutierrez Group,icAK,2023-03-01,Buy,435,278.0,64523.23
Garza-Smith,mbPj,2024-08-06,Dividend,869,321.28,98269.38
Richardson and Sons,NFDY,2022-09-29,Sell,539,268.84,53413.57
Brooks Ltd,CTgp,2023-01-18,Sell,95,321.52,4670.61
"Robbins, Stephens and Long",GWyr,2023-12-09,Buy,559,411.93,55425.88
"Moore, Solis and Knapp",LFSr,2023-06-09,Interest,154,7.26,83271.2
"Sweeney, Perry and Rodriguez",sZOc,2023-03-28,Sell,177,436.3,27035.2
Pitts Inc,GsEJ,2023-03-02,Buy,276,13.72,9135.86
Young and Sons,VOoa,2022-09-26,Interest,267,107.4,66405.85
Andrews-Welch,MPzy,2024-04-16,Interest,38,135.99,67212.48
Smith-Williams,neSm,2023-06-29,Buy,58,190.39,80196.49
Cummings-Dudley,wrfG,2024-03-28,Interest,978,117.25,57914.47
Miller-Baker,xKJD,2023-12-13,Dividend,129,394.02,43544.07
Peterson Inc,plfF,2023-11-26,Interest,619,64.31,46715.45
Smith Inc,zGsC,2022-12-10,Sell,730,246.82,7604.57
Pearson PLC,oNVg,2023-09-16,Dividend,507,457.79,43652.73
Gutierrez LLC,xjJw,2024-02-16,Interest,925,127.25,65140.05
"Greene, Montgomery and Brown",grPO,2023-09-04,Sell,344,254.95,50986.04
Cooke-Lee,vAKD,2023-12-13,Interest,528,265.94,76388.67
Butler-Johnson,swrm,2023-03-27,Interest,84,149.93,86367.66
Henry-Williams,oRbC,2023-07-29,Buy,963,66.53,39354.88
"Cruz, Hodges and Sanchez",rfKf,2024-05-05,Sell,999,418.61,8453.92
"Johnson, Mcdonald and Booth",Xhzy,2024-09-16,Interest,652,161.33,26894.86
Johnson LLC,QEjW,2023-07-12,Sell,91,279.53,52381.04
James Inc,DZAT,2023-10-29,Dividend,122,230.64,70147.28
"Hernandez, Johnson and Anderson",gFed,2024-05-23,Sell,790,211.67,51623.52
Avery Ltd,ZmJQ,2022-10-06,Sell,466,193.01,50210.87
Garrett LLC,ZlgQ,2023-03-23,Dividend,823,269.97,56084.79
Wilkerson-Morgan,Krgs,2023-07-20,Interest,885,425.49,86994.55
Hartman-Taylor,lQzy,2022-12-22,Buy,979,233.49,21788.0
Walsh PLC,KoBf,2024-01-19,Sell,442,441.63,59521.58
Morgan-Lopez,xXpQ,2022-10-17,Dividend,765,84.41,86707.89
"Dennis, Bradley and Wong",irBh,2023-06-21,Buy,498,379.15,46963.51
Kim-Griffin,kzDN,2024-05-17,Interest,287,419.66,60784.08
"Barr, Mccann and Smith",oTYx,2024-09-18,Interest,637,110.64,61386.58
Robinson-Thornton,Yegp,2024-05-25,Buy,368,225.22,93184.39
Pearson-Montgomery,hbOX,2024-07-22,Interest,882,284.71,60081.06
Bennett Group,GCoQ,2023-03-21,Sell,621,39.7,71658.05
Bowen Inc,ijXV,2024-05-05,Buy,306,383.56,32433.92
"Smith, Mcfarland and Lopez",rgbv,2024-04-19,Sell,253,259.15,3102.95
Cooley-Williams,dQqq,2023-03-04,Sell,969,81.9,31582.52
"Gentry, Carroll and Smith",hGBk,2023-10-30,Interest,845,373.93,58967.83
"Flores, Nelson and Sharp",cDLE,2024-01-19,Interest,399,440.65,4374.65
Smith-Collins,mkkz,2024-03-21,Buy,405,144.22,47451.28
Flores LLC,PtXm,2024-06-10,Dividend,998,184.08,3549.59
"Peterson, Hood and Mitchell",jfkN,2023-10-29,Interest,46,26.75,4060.01
Wilson PLC,ZwNA,2023-03-09,Sell,925,345.58,19195.88
Brooks Ltd,Dwvc,2023-09-06,Interest,834,410.68,54060.86
Henderson-Sullivan,uCLO,2023-11-09,Dividend,921,440.14,47238.58
"Roberts, Freeman and Robinson",pYvr,2023-09-18,Buy,15,476.22,26151.19
Hendricks Group,XbZA,2023-12-23,Dividend,170,402.26,50634.48
Benitez-Reese,qXOO,2024-06-25,Interest,222,133.66,29549.05
"Paul, Ward and Ramos",lddq,2024-02-19,Interest,556,319.75,84473.49
Cervantes and Sons,eStU,2023-02-21,Sell,901,349.33,97551.02
"Richardson, Brock and Simmons",anpz,2022-11-04,Buy,902,341.91,62234.88
Ward Group,LNKj,2023-08-13,Buy,528,238.74,54501.8
Melton-Lewis,Gxti,2024-09-02,Buy,237,36.28,96744.28
Cain-Henry,RSDH,2023-07-14,Sell,769,345.17,17372.7
Jones-Hudson,DiOl,2024-07-20,Interest,554,189.5,56964.25
Richardson Group,bLsS,2023-10-31,Buy,12,44.05,52636.24
Payne and Sons,ONRE,2022-12-21,Buy,179,43.77,4050.87
"Myers, Nielsen and Fleming",Vref,2024-09-17,Sell,14,416.67,7490.64
Love Inc,ILXd,2023-01-07,Sell,306,35.14,16384.99
"Murphy, Brady and Pineda",ZuzR,2024-09-13,Buy,522,302.12,17864.72
Rodriguez PLC,fHsv,2024-09-12,Dividend,640,29.18,17963.7
Bryant LLC,AFRi,2024-05-16,Buy,474,338.79,31769.15
Cabrera-Peters,mwYn,2024-01-02,Sell,290,195.25,3662.34
Wallace LLC,YKGn,2023-08-03,Interest,971,312.86,44786.3
"Adams, Sullivan and Mcpherson",WNiz,2023-01-16,Buy,897,470.35,96467.53
Vazquez-Patel,iOyS,2022-12-02,Interest,542,39.65,3636.27
"Cook, Patel and Pruitt",OTDV,2023-07-14,Sell,532,67.29,85964.49
Smith-Terry,xeoo,2022-11-18,Interest,41,103.21,80947.92
"Montoya, Anderson and Allen",zwqQ,2023-02-22,Dividend,895,317.06,38699.17
"Spence, Perez and Villa",hYCC,2023-06-12,Interest,104,332.55,4575.2
"Smith, Washington and Luna",VpbI,2024-06-03,Dividend,442,96.76,16167.84
"Mason, Cook and Potter",NHwY,2022-11-18,Sell,408,44.56,59190.83
Jones PLC,rbYv,2023-05-26,Buy,934,401.5,80473.46
"Leach, Burns and Duncan",Uddf,2023-01-16,Interest,697,233.51,50642.93
"Gray, Garcia and Barrett",mldU,2023-08-03,Dividend,82,425.54,25041.8
Thomas PLC,jAEf,2023-03-21,Buy,925,314.65,55430.73
"Hayes, Ellis and Gilmore",LTbJ,2022-11-22,Buy,407,98.59,89833.1
Henderson-Hill,shQG,2023-01-17,Sell,493,75.58,14716.59
Reed Group,VmVA,2023-03-21,Interest,792,229.53,37340.39
Norman and Sons,rbyt,2023-09-19,Sell,60,393.25,91690.94
Morgan-Potter,JAQn,2023-06-25,Buy,15,121.37,8660.38
"Roberts, Cole and Trujillo",tequ,2023-08-26,Dividend,279,64.59,4033.84
"Vasquez, Allen and Hudson",TJyX,2023-12-27,Dividend,27,289.05,66580.01
Baker Ltd,hNva,2023-03-16,Sell,886,477.47,11770.16
Hayes-Clay,szbc,2024-02-03,Buy,3,205.07,48892.84
Jackson-Lane,Icgl,2024-05-06,Interest,417,89.14,13668.97
"Turner, Warner and Raymond",AEbd,2023-12-13,Dividend,44,394.96,53988.92
Pierce-Owens,JHLc,2024-04-10,Dividend,897,93.95,34163.77
Greene LLC,Nozr,2022-10-09,Buy,141,180.42,26452.29
Adams Inc,bUgu,2023-03-12,Dividend,938,258.32,94597.78
Thomas PLC,RjkP,2024-08-17,Dividend,462,70.39,85596.38
Black-Freeman,LuIC,2023-08-25,Buy,230,82.76,94554.89
Calderon Inc,kall,2024-03-25,Interest,48,38.75,19100.52
"Dawson, Neal and Mcdonald",hQMf,2024-07-03,Sell,764,39.7,46329.43
Franco PLC,TrIl,2023-05-06,Dividend,361,413.06,2774.7
"Ortiz, Lopez and Schroeder",ktcm,2024-04-08,Interest,190,125.22,86557.09
Little-Perkins,VKVV,2022-10-08,Sell,711,455.9,86911.99
Berry-Moody,sXAa,2023-08-06,Interest,39,205.8,12856.38
Greene-Harris,jHrs,2023-08-14,Sell,506,123.47,32120.78
Williams-Phillips,jKIU,2024-05-20,Sell,917,185.68,80677.5
Wells Ltd,vzRJ,2024-01-26,Buy,845,277.58,70428.18
Walker LLC,Prbt,2023-03-13,Interest,579,181.01,2736.39
Obrien-Mullins,aJON,2022-11-04,Sell,427,176.59,75153.73
"Blackwell, Wilson and Colon",jRrG,2024-03-08,Buy,465,138.03,97838.67
Phillips-Hicks,nFXX,2023-10-19,Sell,536,127.53,67341.31
"Moore, Cox and Wallace",FcqG,2022-09-24,Sell,200,464.73,83689.55
Cardenas PLC,Wupp,2023-02-07,Dividend,743,45.43,54419.34
Martinez-Welch,HwxT,2023-09-18,Buy,820,6.81,16059.11
"Stone, Woods and Price",YvIh,2024-08-20,Buy,123,12.55,65502.84
"Fitzgerald, Smith and Warner",kqTH,2024-06-05,Buy,742,63.71,89014.64
Mccarty PLC,hfeq,2024-07-05,Sell,133,388.34,31644.65
"Hunter, Baker and Hayes",znAR,2024-08-18,Sell,575,481.99,59785.76
Calderon-Smith,GNZW,2023-06-16,Interest,386,468.97,20246.0
"Morgan, Daugherty and Lopez",QNlL,2024-03-28,Sell,715,324.77,39982.66
Morrison and Sons,lCle,2024-02-04,Buy,547,225.31,64557.37
Walker-Osborn,YzkU,2023-11-08,Sell,553,354.31,2044.15
"Kelly, Liu and West",MbbX,2024-03-29,Buy,76,200.54,17211.52
Castro-White,hpLs,2024-05-20,Buy,922,50.43,34379.18
Anderson LLC,BDhG,2024-07-05,Interest,803,65.78,52615.07
Grant Ltd,bkdT,2024-05-08,Sell,877,309.15,74036.81
"Gray, Cervantes and Rubio",hbKl,2023-05-17,Dividend,601,364.12,50812.01
Scott-Cruz,Kxhv,2023-11-06,Interest,128,491.36,48794.17
Williams PLC,lwWf,2024-04-11,Sell,452,13.61,13164.62
Brown LLC,Gaap,2024-03-09,Sell,29,324.81,29699.78
Garcia-Levy,rSFX,2024-03-28,Sell,188,190.86,41922.36
"Estrada, Delgado and Case",Vomp,2023-04-24,Dividend,13,246.75,57858.74
Gonzalez-Morris,CMFu,2023-04-12,Buy,849,336.03,9628.88
Moody PLC,adbu,2023-05-05,Buy,600,74.36,26179.64
Dean-Bradford,QByD,2024-03-19,Buy,465,93.74,7335.41
Anderson-Lee,MqTZ,2023-06-03,Dividend,367,185.02,60767.23
Stevenson-Hall,Izza,2023-08-01,Buy,25,230.34,13995.62
"Jackson, Forbes and Jones",WBKR,2023-06-14,Sell,684,470.23,93153.48
Chan Ltd,PnCC,2024-03-07,Interest,513,220.2,34443.72
"Gillespie, Phillips and Yates",bavv,2023-10-25,Interest,637,397.85,17427.89
"Johnson, Martinez and Vincent",bVWj,2023-12-24,Interest,298,468.95,27435.1
"Moreno, Green and Williamson",zMOV,2024-03-21,Interest,993,448.02,80271.2
Berry Ltd,ADjm,2024-05-28,Sell,821,459.58,41138.77
Lynch and Sons,WuMO,2022-12-12,Interest,688,75.9,71085.73
Scott-Rice,wUFv,2023-11-20,Buy,487,296.18,16205.07
Ballard-Jones,HCqh,2022-10-24,Sell,888,121.28,95156.56
Martin-Brown,jzzr,2023-12-15,Buy,514,137.55,90999.62
"Underwood, Knight and Orr",fhpL,2023-03-28,Sell,292,12.51,36279.56
"Gomez, Oneal and Brown",nIMA,2022-11-30,Sell,138,107.62,97180.47
Hubbard PLC,DDTS,2024-03-28,Dividend,335,34.98,88070.88
"Grimes, Turner and Ferguson",ojUj,2024-04-07,Buy,229,98.23,73982.91
Jennings Inc,oVVT,2024-09-10,Sell,540,359.75,24396.23
Hernandez Inc,mMlN,2024-07-20,Interest,915,453.07,28822.7
Stephens Inc,DydQ,2023-06-13,Buy,542,278.84,19262.7
Bolton Ltd,xvIX,2023-05-22,Dividend,941,117.31,91452.27
Liu-Bennett,tbmy,2024-08-06,Dividend,291,211.39,71950.58
Carpenter-Alvarez,jYtc,2024-07-30,Buy,682,274.31,13373.78
Burnett-Hurst,OeOT,2024-09-07,Dividend,180,362.37,17493.44
Brown PLC,UhnZ,2024-08-26,Buy,823,273.61,11647.08
Snyder and Sons,rUEA,2023-05-27,Interest,16,124.24,16678.82
"Franklin, Daniel and Gonzalez",Umsj,2022-09-26,Dividend,706,209.11,78663.22
Clark-Short,XGiI,2023-04-25,Sell,592,406.67,48302.13
"Roy, Mueller and Hernandez",hMHy,2024-07-07,Sell,211,350.83,64888.86
"Gonzalez, Mosley and Rios",WnFA,2024-06-25,Interest,573,141.56,34587.64
"Cantrell, Rivera and Murray",uNaW,2023-09-16,Interest,915,398.4,86075.49
Lee-Gregory,fQPR,2023-10-24,Sell,439,354.26,80290.57
Griffin Ltd,tQDU,2023-11-25,Interest,342,238.0,47064.61
Lopez Inc,HKgA,2024-06-18,Sell,118,138.01,35680.87
Martin LLC,fOFM,2024-06-04,Dividend,850,223.87,46317.79
Gonzalez LLC,xlOs,2023-09-18,Buy,533,315.7,21707.69
Norton Group,YJIX,2022-12-26,Dividend,510,290.04,95862.06
"Anderson, Chapman and Jones",GSnV,2024-05-27,Buy,464,37.45,38758.3
Diaz Inc,VyuO,2022-10-20,Dividend,565,323.76,87094.89
Brown Group,XejJ,2022-10-28,Dividend,5,248.9,69477.04
Bryant LLC,qHDd,2022-10-29,Interest,21,164.67,16183.24
"Davis, Washington and Carter",nTPj,2023-04-20,Buy,113,419.26,67611.19
"Mullins, Rogers and Andersen",EpPP,2023-11-10,Sell,855,82.75,6143.02
Henry-Dalton,ZgRK,2024-07-09,Sell,141,223.9,79916.69
"Hicks, Herman and Lucas",Ukxn,2024-05-20,Buy,932,327.53,42077.79
Roy LLC,NArP,2023-11-18,Buy,451,267.51,21957.61
Oneill-Dean,VjQU,2023-11-14,Buy,37,128.34,42024.91
Weaver-Cantrell,rXNF,2023-06-30,Interest,899,487.03,45336.03
"Holland, Norman and Guerra",gBdR,2024-03-23,Dividend,547,182.81,58327.28
Black LLC,mebc,2023-03-06,Interest,298,490.44,18260.56
"Ware, Terrell and Flores",FHXb,2023-09-01,Buy,854,441.28,11620.9
"Huerta, Juarez and Thompson",kYvw,2022-12-17,Sell,364,120.61,37599.89
Butler Inc,VUBs,2022-11-10,Interest,322,215.77,37752.14
"Cervantes, Bryant and Lowe",FLcT,2022-12-20,Buy,431,246.76,67993.77
"Hale, May and Rhodes",ypew,2023-06-20,Dividend,774,393.84,3322.88
Saunders-Contreras,sCug,2024-08-26,Dividend,151,107.0,14918.81
Carr-Donaldson,KtYE,2023-01-30,Interest,789,303.91,14803.4
Vega LLC,fiKR,2023-06-20,Dividend,348,295.54,31400.57
"Richards, Goodman and Blake",egXx,2024-01-29,Buy,388,311.76,87861.54
Stephenson LLC,lrVD,2022-12-08,Dividend,880,114.03,7212.51
Sloan Group,nLvz,2024-07-13,Interest,29,239.46,28952.28
"Diaz, Willis and Yu",fiaz,2024-05-11,Dividend,853,278.38,21529.28
"Galloway, Martin and Choi",JNHT,2023-07-30,Dividend,149,52.45,33528.72
Norman-Ellison,xCsm,2023-05-27,Sell,377,493.39,74815.74
Dyer-Lee,nFup,2022-11-17,Sell,3,483.97,64926.35
"Leonard, Phillips and Hill",VIVT,2023-08-20,Sell,557,471.67,8707.41
Gray and Sons,CWLE,2024-08-25,Interest,192,10.64,75270.88
King-Villegas,GMvC,2024-04-24,Sell,881,294.06,88684.64
Freeman-Myers,Fhaq,2024-05-03,Sell,433,184.96,44636.56
Nolan-Hall,vOxg,2024-03-24,Interest,452,212.97,1098.08
Edwards-Robinson,wCGA,2023-06-17,Dividend,46,155.4,54152.24
"Lopez, Hopkins and Roberts",Dqwc,2023-08-13,Interest,870,488.35,93605.41
Flores-Christensen,iWad,2022-11-27,Buy,491,409.69,64727.77
"Graham, Mora and Henderson",blnc,2023-08-11,Sell,464,143.15,25849.97
"Smith, Hartman and Morales",YSxG,2024-03-19,Buy,979,493.64,97565.54
Mills-Brown,qwvg,2024-03-31,Interest,634,301.87,28134.23
"Golden, Byrd and Mason",uvLf,2022-10-20,Interest,122,99.75,88944.49
Fischer-Woodward,gbqb,2022-10-09,Dividend,614,33.99,3828.01
Rodgers Inc,RouA,2023-04-08,Buy,471,345.57,57916.48
"Reyes, Gillespie and Payne",aSZy,2023-11-27,Interest,917,120.87,32415.07
Brown Ltd,TTKw,2022-11-22,Dividend,221,456.5,57358.76
York-Zavala,doWg,2024-05-17,Interest,256,98.31,73917.85
Davis LLC,YpLJ,2023-08-04,Sell,456,199.08,3891.9
Green-White,PIML,2022-12-23,Buy,13,128.49,14940.5
"Marks, Jones and Wheeler",TpCt,2023-10-21,Interest,747,218.18,8131.08
Anderson and Sons,YAak,2023-09-07,Dividend,363,365.02,52949.88
Noble Inc,iDHK,2022-11-19,Buy,578,230.2,71033.83
"Sweeney, Hurst and Garcia",dWHb,2023-01-21,Interest,327,5.95,41321.58
Montes Inc,CZvh,2023-05-14,Sell,371,457.61,53770.88
Evans PLC,lexd,2024-07-16,Buy,699,341.23,68088.54
Rivera-Prince,TLCI,2023-10-30,Dividend,486,51.09,80949.34
Flores LLC,DmcS,2023-07-04,Interest,292,386.74,1060.09
Brewer and Sons,xbin,2024-01-11,Sell,284,484.49,14738.66
Williams Inc,LLCr,2024-09-13,Buy,280,81.93,33665.7
"Carter, Huber and Brown",juDo,2024-05-08,Buy,735,399.62,93174.46
"Thomas, Jones and Brooks",tajf,2024-01-20,Buy,607,183.29,92256.06
Mckinney-Bryan,szLu,2023-03-06,Dividend,738,91.33,64435.9
Rivers Group,YPFK,2023-04-29,Interest,264,350.39,63633.7
"Brown, Trujillo and Russell",uOuv,2023-11-26,Sell,732,253.47,33688.44
Phelps-Thompson,vnwc,2024-05-14,Dividend,252,260.87,48517.62
"Fox, Pineda and Powell",sxpR,2024-04-06,Dividend,735,153.86,33145.3
Robinson Inc,CzfS,2023-01-27,Interest,327,404.75,80391.45
Cooper-Jones,CPaI,2023-01-04,Interest,160,489.21,24833.43
Gonzalez-Jones,rtjo,2023-04-11,Sell,323,494.68,13132.81
"Young, Simon and Roberts",ADOs,2023-10-18,Sell,729,345.24,75708.04
Peterson-Miller,ZTBc,2023-08-31,Dividend,225,262.21,73953.94
"Harrison, Stevens and Wilcox",iJCd,2024-01-16,Interest,752,275.89,22068.25
Allen Inc,naeH,2024-02-14,Sell,682,245.94,67906.2
Anderson LLC,dAdp,2024-01-25,Sell,812,92.35,70110.41
Ramirez PLC,kyjh,2024-05-22,Dividend,120,396.88,88775.06
"Turner, Manning and Wilkins",aQUz,2024-05-11,Buy,212,106.21,51573.84
"Walker, Rivera and Williams",pSzj,2024-08-02,Buy,373,407.05,53864.67
"Hernandez, Campbell and Austin",OogQ,2024-08-01,Dividend,258,319.2,75879.27
Williams Ltd,KbOa,2023-04-02,Interest,125,56.6,25760.34
Garcia-Wiley,VyLF,2024-02-13,Interest,24,351.42,55741.83
Peterson and Sons,LMPL,2024-01-26,Interest,723,349.04,29584.29
"Brown, Martin and Crawford",FJEX,2023-09-10,Dividend,569,235.19,35458.06
Pierce Group,JoUf,2024-01-09,Dividend,476,107.99,53484.57
"Benson, Goodman and Sawyer",Ilww,2023-11-30,Interest,761,485.06,87033.56
"Green, Young and Harvey",nxzf,2022-12-24,Sell,3,449.57,38495.06
Walters-Madden,Dzfh,2022-12-21,Dividend,495,44.54,49833.1
Walters and Sons,eNzH,2023-08-27,Sell,658,408.04,71747.25
"Walker, West and Mccormick",vYvQ,2024-03-11,Buy,646,326.3,55170.56
Lewis-Black,gGli,2024-08-23,Interest,626,42.03,51159.51
"Smith, Mcdaniel and Clarke",NJkY,2023-11-26,Dividend,276,49.65,53158.87
"Mitchell, Clark and Meyers",pCcN,2023-05-07,Dividend,290,46.81,99890.1
Riley LLC,Valc,2024-07-18,Sell,927,333.37,97463.98
Morgan-Chapman,jJDV,2023-10-04,Buy,874,84.38,70786.61
White-Lee,YEiN,2024-05-14,Sell,470,205.02,30423.85
Richards-Nelson,ExWW,2022-11-24,Sell,814,405.34,73974.63
Marshall-Lawrence,HXbn,2023-06-14,Sell,818,472.12,52405.02
"Yu, Gonzales and Petty",CAOD,2023-01-29,Sell,500,258.82,10785.67
Durham-Young,TeoS,2024-02-25,Dividend,904,404.08,89835.28
Cole Inc,goxI,2023-12-11,Buy,992,41.3,85807.27
"Oliver, Wallace and Martinez",ZIVr,2023-10-02,Buy,186,20.57,46888.65
White-Blackburn,qqRr,2023-10-04,Sell,24,218.59,33160.67
Pacheco-Williams,wDau,2023-03-30,Sell,44,206.45,60037.63
"Ellison, Valdez and Hamilton",TGsc,2023-03-11,Dividend,588,390.74,50144.23
"Acosta, Garcia and Mason",lzKz,2024-06-16,Buy,723,147.57,82591.65
Baird-Baker,rhMX,2023-12-02,Sell,654,308.2,18136.82
"Knapp, Jones and Lam",ADnR,2024-06-17,Buy,453,307.98,48743.35
"Thomas, Miller and Beck",lyMl,2022-11-17,Sell,289,70.25,15407.79
Hinton Ltd,XqeB,2024-07-05,Dividend,550,394.87,73549.13
"Green, Peterson and Jackson",KDTC,2023-09-29,Sell,545,225.95,19817.0
Gutierrez-Fletcher,achj,2023-05-01,Sell,429,145.74,77370.17
Perry Ltd,peAp,2022-09-21,Buy,853,223.94,62951.15
"Scott, Rodriguez and Johnson",aXfk,2023-09-24,Dividend,587,301.21,58664.52
Williams PLC,CwMO,2022-10-29,Buy,133,156.2,58700.58
Watkins Group,Nuat,2024-02-23,Buy,291,6.71,5286.91
Cole-Hammond,vLOC,2024-06-16,Sell,134,498.24,30047.6
"Robbins, Ross and Baker",qoyH,2022-11-29,Interest,144,338.17,1123.67
"Spears, Robertson and Gardner",DTPK,2024-01-18,Buy,916,63.28,42344.26
"Wilson, Bishop and Gomez",FcKM,2023-09-10,Sell,406,84.71,86213.17
Howard Ltd,IwvU,2022-10-23,Interest,185,318.43,18420.36
Buchanan PLC,tguS,2023-05-01,Dividend,194,56.03,62094.97
"Wood, Sutton and Thomas",KlzD,2023-08-10,Interest,945,177.71,62525.59
Matthews PLC,kWgc,2024-06-22,Dividend,141,248.95,66575.92
"Farmer, Cervantes and Benjamin",IOdP,2023-03-31,Dividend,759,57.88,91374.62
Davis-Marquez,XFpf,2024-03-02,Buy,773,358.05,62153.94
Reid-Bishop,kxNV,2024-06-22,Interest,991,21.71,70037.61
Mcgrath-Scott,CAIQ,2024-07-23,Dividend,861,240.64,73359.21
Moore-Lopez,fhXp,2022-09-27,Buy,315,335.25,24262.49
Bauer Inc,yNyx,2024-08-23,Dividend,1,161.4,31584.59
Hunter PLC,OOLk,2024-02-16,Interest,182,148.55,6320.55
Henry and Sons,pNjK,2024-09-13,Buy,975,198.11,18735.6
Hughes Group,syvv,2024-08-24,Interest,446,355.25,90128.43
Meadows-Price,KpVe,2022-09-26,Buy,916,361.23,15711.91
Brown-Adams,hNCH,2024-06-12,Interest,221,253.17,91505.83
Harris PLC,BhNi,2022-10-19,Buy,915,49.65,82187.6
Collier-Myers,LYtI,2022-11-01,Dividend,380,320.35,98328.48
Burton-Martinez,JSjm,2024-05-22,Interest,480,399.23,5260.62
"Lane, Wilson and Larson",YKEk,2023-11-26,Sell,169,159.65,91820.85
Michael Group,TrGr,2023-03-16,Dividend,871,419.19,73979.74
Ballard Group,QZlX,2024-06-05,Interest,245,88.97,49111.08
Anderson Group,Hnqb,2023-01-02,Buy,71,288.0,17618.7
"Duffy, Barker and Johnson",MmJD,2023-04-21,Buy,960,179.26,39783.46
"Washington, Watkins and Sims",SPFy,2023-10-05,Buy,30,490.02,79453.43
Gay-Adams,jAAn,2023-09-21,Buy,751,81.25,7243.14
Douglas-Keller,fcMW,2023-12-24,Dividend,485,429.04,71153.41
Ball-Hanna,jOZO,2022-11-16,Buy,614,199.98,23167.7
Harrison-Peters,mzrp,2023-09-10,Sell,811,333.49,62629.38
Davis LLC,lvXZ,2023-03-02,Interest,628,409.42,75129.21
"Dunn, Christensen and Gonzales",biRj,2023-03-25,Interest,419,380.73,66875.76
"Snyder, Lucas and Velazquez",SwdV,2024-03-24,Interest,77,125.61,50749.01
"Adams, Ross and Lee",CTze,2022-11-02,Interest,407,485.51,73847.97
Miranda-Williams,TgoD,2023-01-27,Dividend,417,413.6,47041.72
"Fisher, Booth and Clements",pLHS,2022-09-24,Buy,949,177.77,35088.89
"Curry, Gardner and Clark",duyT,2024-04-21,Interest,431,231.95,21581.14
Sweeney-Herrera,ipsb,2024-07-19,Buy,954,305.71,56625.78
"Riley, Thompson and Fuentes",mcEh,2023-08-26,Interest,473,333.09,32752.06
Mcdonald Ltd,NmGk,2023-10-07,Buy,363,424.34,97967.22
Duran-Tate,ZCVl,2023-11-20,Buy,400,445.17,22323.33
Harper-Torres,MiUj,2022-12-18,Interest,741,420.0,53677.08
Burns-Gray,OnRd,2023-08-25,Dividend,487,308.58,51039.25
Mccoy-Howe,KRtb,2023-11-01,Sell,303,482.17,99184.41
"Delgado, Underwood and Pace",BEAx,2023-05-09,Buy,803,56.93,78790.06
"Johnson, Johnson and Adams",jboI,2024-03-29,Dividend,647,340.99,64271.0
"Johnson, Kelly and Garza",KxNT,2024-09-20,Sell,631,292.45,88197.9
"Davidson, Rodriguez and Wagner",gGZI,2024-05-02,Buy,939,481.32,8012.36
Brewer-Ramirez,zBvx,2024-04-19,Interest,189,129.07,43304.5
"Davis, Young and Ibarra",skEu,2022-10-27,Interest,970,241.64,97250.85
Eaton and Sons,Deyi,2023-11-21,Buy,522,404.54,59197.46
Allen Group,FHTH,2023-02-12,Buy,242,418.87,69958.62
Horne-Lang,XbqN,2024-04-07,Dividend,660,381.66,21307.58
Garcia-Roberts,VBph,2023-05-17,Buy,898,165.22,40491.68
Garcia-Taylor,Hkbk,2024-03-19,Buy,158,499.93,64848.2
Peterson Group,MwSs,2023-11-17,Interest,127,103.55,87659.69
"Johnson, Wright and Gaines",ASSA,2024-09-18,Interest,935,319.56,84821.81
Smith-Taylor,Qlie,2023-10-17,Buy,177,309.55,42610.14
Cole LLC,nuNy,2024-04-19,Interest,388,77.75,31813.32
Mendez PLC,TUqM,2023-04-30,Sell,627,293.32,85606.49
Huynh-Bolton,iojp,2023-11-30,Dividend,796,462.75,27016.61
Griffin-Johnson,Lupg,2023-04-12,Dividend,224,139.38,35118.74
Patel-Marshall,cXFG,2023-06-19,Sell,496,173.82,16568.43
Campbell-Rivera,SBBN,2024-03-31,Sell,204,145.63,10086.64
Wise-Marquez,xXot,2023-04-03,Dividend,386,354.21,71121.6
"Grimes, Hunt and Espinoza",UjUm,2023-06-07,Sell,981,25.77,56507.35
"Bautista, Patel and Jones",KDmb,2024-03-01,Sell,683,43.68,97012.62
"Ryan, White and Young",dJtZ,2022-11-30,Buy,513,246.77,35708.49
Beck Inc,kYlf,2024-02-25,Interest,949,499.21,12496.5
White-Benitez,HwDq,2024-06-21,Interest,475,490.48,19123.68
"Tucker, Goodwin and Bishop",dCqA,2023-12-13,Sell,965,478.87,5965.92
Allen PLC,WEwR,2024-03-01,Dividend,932,357.23,92833.06
"Willis, Parker and Moore",sKvV,2023-08-22,Interest,707,271.68,44805.56
Frazier Group,RfOF,2024-06-28,Interest,200,476.12,56623.71
"Griffith, Houston and Benson",mMug,2022-12-29,Interest,83,151.54,78637.2
"Ryan, Guzman and Casey",ESUa,2024-03-04,Dividend,948,439.56,33932.68
Nelson Group,nlXb,2023-07-02,Sell,317,236.57,23946.17
"Luna, Hall and Edwards",BMWW,2022-12-09,Buy,190,303.14,96945.87
Nguyen-Hall,VvXC,2024-07-21,Dividend,755,216.64,68097.42
Clark-Johnston,tgTh,2024-02-06,Buy,491,481.45,8810.3
Buck-Moss,IkPC,2023-10-10,Interest,938,211.37,89749.02
Wise and Sons,qxdd,2023-05-14,Sell,554,9.12,8160.44
Rivera-Heath,PSEt,2023-12-14,Sell,682,445.32,14273.23
Gates-Andrews,MGpa,2023-09-02,Sell,209,110.8,47312.07
Franklin PLC,zoQq,2024-08-19,Interest,55,88.51,86696.33
Wu-Gibson,PzCe,2022-10-31,Dividend,788,266.23,6420.03
Acosta-Murray,ScOj,2024-06-11,Buy,758,265.25,27533.27
Armstrong-Henderson,wNpm,2023-04-05,Sell,551,259.44,80811.6
"Gaines, Moore and White",nCoc,2023-12-25,Sell,773,449.19,56362.71
Brown-Dillon,JDmy,2023-01-05,Sell,148,250.66,23549.32
"Jackson, Weber and Gibson",lXlb,2023-06-30,Sell,696,488.91,94257.03
Taylor-Andrade,Whly,2022-11-16,Dividend,148,245.73,83419.03
Holt-Bass,EySh,2024-02-27,Interest,348,216.81,67054.19
"Mercado, Pearson and Weiss",qjxY,2023-06-29,Buy,691,387.77,62674.67
Ingram LLC,khIQ,2023-10-02,Sell,390,443.63,42804.94
"Brooks, Mayo and Williams",Mkur,2024-06-01,Interest,31,314.21,53629.92
Reed and Sons,bcyN,2023-08-12,Sell,678,86.64,12605.6
"Frank, Padilla and Rivers",XCsL,2023-04-09,Sell,108,278.76,80050.37
Oconnor-Mcgee,iJvb,2024-01-28,Buy,397,92.17,73667.96
Martinez and Sons,ibFr,2023-10-23,Sell,785,405.79,95211.14
Dunn PLC,LxSu,2023-06-05,Sell,36,388.43,41222.92
Robbins-Velasquez,RGrD,2024-06-21,Dividend,347,438.1,30513.25
Gonzalez-Thomas,rIJO,2024-07-09,Dividend,74,63.33,14613.82
"Mendoza, Williams and Hicks",TPlt,2024-03-01,Sell,519,128.57,91848.52
"Taylor, Wood and French",pOXD,2024-07-11,Sell,536,435.92,25743.87
Rodriguez PLC,Bypy,2023-04-07,Buy,638,222.43,77210.03
Johnston Inc,ixHO,2023-09-09,Buy,394,404.62,77374.59
Thompson-Lopez,JGoe,2022-12-05,Interest,249,419.41,93670.24
Hall PLC,RKEX,2023-10-09,Buy,919,283.98,11947.39
Vaughan LLC,ItSn,2023-10-26,Sell,866,137.88,38696.1
Navarro Inc,oMbG,2024-04-28,Sell,344,410.96,53887.93
Ramirez Group,Ztmb,2023-07-01,Dividend,496,41.16,61189.42
Kennedy-Lee,gvBc,2023-01-29,Sell,549,80.43,17322.85
"Reilly, Dunn and Sherman",Lwqf,2024-05-04,Buy,832,251.82,55066.56
Lopez Group,ywPI,2023-02-07,Dividend,790,491.44,77196.25
Martinez Inc,BTgk,2024-02-28,Sell,867,455.33,35763.58
Saunders Group,eyTk,2022-11-23,Dividend,851,193.96,44609.08
White and Sons,Kihx,2023-11-14,Interest,888,53.69,40431.08
Nguyen-Harrell,CaQk,2024-05-15,Buy,754,200.83,40258.81
"Jordan, Summers and Grant",WPGu,2024-09-05,Sell,615,361.86,34531.03
Tanner Inc,hdmv,2024-02-16,Sell,495,149.83,28570.4
"Freeman, Carney and Hughes",kyIR,2024-09-12,Buy,211,62.92,61234.66
Nelson Ltd,txdI,2024-02-18,Buy,743,108.25,90748.12
Bradley PLC,HgHZ,2024-02-29,Buy,37,141.06,86330.92
Garcia LLC,fJye,2023-12-17,Dividend,741,269.72,69081.42
Calderon Group,DaXF,2022-10-31,Dividend,223,317.77,14695.89
Mcmillan and Sons,nxyD,2023-10-21,Dividend,158,278.54,98399.58
Garcia and Sons,aRdV,2022-12-30,Interest,776,325.84,85606.95
Green LLC,EdiV,2022-11-30,Dividend,642,191.08,74696.68
Waller Inc,OYmS,2023-09-01,Buy,412,123.94,37563.69
Weaver-Mcdonald,kuVc,2023-01-03,Sell,1,146.46,75042.32
Reed Inc,Mwfj,2023-11-04,Sell,389,81.35,23316.41
Brady Group,REkZ,2023-09-12,Sell,773,360.14,40172.74
Barry-Rodriguez,XdhM,2022-10-10,Interest,762,259.21,51659.8
Taylor-Smith,THdS,2022-12-01,Interest,341,191.24,14465.86
Martin-Turner,BXSU,2024-05-12,Buy,972,154.54,57971.24
"Dickerson, Stewart and Bentley",wbZR,2023-08-09,Interest,499,99.39,63499.06
"Mcguire, Harris and Kelley",QubF,2023-08-10,Dividend,566,250.37,2386.79
"Ruiz, Mitchell and Ali",MSGg,2023-05-11,Sell,919,82.95,53395.01
Morgan Ltd,BbPV,2024-02-20,Sell,561,263.21,65347.63
Gomez Inc,BWhy,2023-08-22,Sell,648,216.33,5212.64
Kelly-Schultz,kIPb,2024-03-15,Buy,715,494.03,71473.08
"Lee, Trevino and White",HXnJ,2024-09-06,Sell,981,489.77,86534.9
Miller-Henderson,xuVX,2023-11-05,Interest,520,208.72,3263.63
Cannon Inc,QnKY,2023-08-03,Buy,200,415.9,39530.64
Gomez-Mcdonald,mbpD,2023-12-03,Dividend,755,254.72,31880.16
"Beck, Thompson and Romero",BZDn,2023-03-10,Buy,863,31.33,34882.33
"Mercado, Fischer and Silva",ajrX,2023-10-10,Interest,132,177.34,69995.35
Bell-Weiss,ToFV,2022-10-01,Interest,889,484.41,61979.44
Smith-Grant,JHbK,2024-03-13,Dividend,405,96.47,47311.02
"Terry, Campbell and Watkins",UHan,2023-07-05,Sell,332,217.76,64371.04
Walters and Sons,Hpxl,2024-05-17,Buy,472,405.19,21552.76
Coleman Group,BReS,2023-03-11,Buy,226,152.28,67523.95
Anderson Inc,XlMq,2023-01-24,Interest,458,434.37,9428.24
Lowe Ltd,QOYG,2024-04-20,Dividend,962,68.16,85727.1
"Jackson, Wilson and Taylor",eaXI,2024-02-05,Sell,804,340.76,37055.31
Murray-Rodriguez,EFmr,2023-05-14,Interest,220,101.38,31615.6
Ayers PLC,hami,2024-03-21,Interest,688,125.47,23754.43
"Smith, Carter and Eaton",ljkq,2023-07-12,Dividend,400,462.66,13800.78
Williams-Mcconnell,Qxiz,2023-09-21,Sell,750,201.61,82448.37
"Keith, Liu and Davis",caRh,2024-09-15,Sell,718,170.93,70153.1
"Soto, Moody and Stewart",iTTB,2023-06-05,Buy,580,202.17,90345.38
"Dixon, Watts and Castaneda",DpKF,2024-08-18,Dividend,396,193.16,4536.05
Medina-Ramirez,sjXg,2023-03-17,Interest,811,257.61,61193.17
Harris Group,tYmo,2022-12-17,Sell,907,56.12,16858.95
"Molina, Warren and Williams",sgaj,2023-01-19,Interest,221,411.29,92104.73
"Bell, Stevens and Sutton",Snrf,2023-08-03,Interest,802,378.9,13387.64
Turner LLC,zajZ,2024-05-10,Sell,690,453.55,18228.63
Hoover LLC,LWqu,2023-04-09,Interest,562,63.88,50037.17
Smith-Alvarado,ZJQx,2024-05-13,Sell,568,190.99,28096.41
Park-Ballard,ShzR,2023-05-29,Dividend,743,151.64,80080.7
"Singh, Gordon and Johnson",tPBh,2023-07-24,Dividend,394,60.22,79498.21
Hubbard-Cox,kKPY,2024-07-31,Dividend,485,326.86,13649.48
Manning Ltd,JGHo,2023-08-09,Buy,245,227.83,34054.62
Fuller Inc,eYYN,2024-03-11,Buy,730,243.68,6344.32
"Villegas, Davis and Norman",UeMt,2023-10-14,Sell,629,26.93,30750.49
"Padilla, Clark and Robbins",PVVT,2023-02-01,Sell,23,175.94,48061.75
Glenn-Torres,zFup,2024-08-09,Buy,300,162.81,96754.18
Austin-Glover,JMCZ,2022-09-23,Buy,305,24.96,45933.02
Chandler Group,VYqf,2024-07-29,Sell,787,239.9,49755.02
Graham-Robinson,sjoA,2023-05-07,Interest,309,250.62,11157.57
"Young, Jordan and Todd",AatV,2024-03-24,Buy,521,322.02,21255.3
Walker-Hart,GimP,2023-11-03,Interest,955,253.79,71978.47
"Fowler, Butler and Parker",jskj,2024-05-17,Dividend,176,314.92,38645.56
Matthews-Frye,tmvO,2023-07-16,Sell,736,297.31,96363.24
"Cole, Terry and Goodman",HqJu,2022-10-24,Sell,784,463.45,18171.06
"Pham, Hernandez and Lee",PKQD,2023-03-05,Sell,32,52.75,34735.04
Gardner-Wilson,SwSA,2024-08-09,Buy,836,391.63,42376.8
Brown-Martin,JojO,2023-12-20,Sell,987,481.72,20456.44
"Diaz, Torres and Wolf",PEtp,2022-12-01,Sell,499,229.36,70048.9
Martin PLC,xEjd,2023-08-09,Interest,660,262.87,74525.77
"Ramirez, Yates and Schneider",XBMV,2022-10-27,Dividend,62,226.83,30397.52
"Young, Mccoy and Davidson",xURQ,2024-06-22,Sell,987,353.69,91925.68
"Burke, Miller and Larson",TJbD,2024-02-13,Buy,867,68.72,35100.59
Crawford and Sons,gkJr,2023-03-20,Dividend,326,232.79,32222.73
Wong-Freeman,ByTb,2022-12-21,Sell,451,407.06,88274.77
Edwards PLC,LiId,2024-01-19,Interest,308,282.37,64446.94
Reeves and Sons,AOqU,2024-02-12,Interest,267,281.49,59543.2
Allen PLC,jdDV,2023-08-09,Dividend,494,42.9,27118.07
Smith-Jones,mHnX,2024-03-10,Buy,529,300.33,44665.87
"Cruz, Travis and Stewart",UfZD,2024-08-06,Interest,425,258.87,45491.22
"Ward, Gonzalez and Mcclain",vkIL,2024-06-07,Buy,653,162.66,8585.26
"Perez, Jones and Nelson",Dvpc,2024-01-31,Buy,565,230.99,1816.06
Johnson-Nichols,Wtnv,2024-07-02,Sell,308,31.87,89521.88
Marsh LLC,bjfY,2024-03-20,Sell,319,289.69,92695.22
"Martinez, Molina and Stanton",CGRi,2023-11-15,Buy,306,319.78,49824.01
Flores and Sons,nRvD,2024-05-15,Dividend,930,24.03,4133.94
Benjamin Ltd,Dsut,2023-06-07,Interest,851,311.53,41815.13
"Perez, Jones and Sanchez",oDlZ,2022-09-29,Dividend,148,450.33,92039.36
Camacho-Brady,LWfq,2023-06-12,Buy,877,238.44,46398.16
"Garcia, Miller and Smith",BbGg,2023-09-24,Interest,392,225.06,8154.19
Taylor LLC,GBks,2023-06-13,Dividend,817,350.11,24220.41
"Molina, Gonzalez and Greer",lauW,2024-01-04,Interest,325,497.91,71739.73
Reyes and Sons,JphH,2024-01-07,Sell,4,486.03,88896.37
"Blankenship, Dorsey and Mendoza",IxZp,2024-03-16,Interest,674,409.2,6857.11
"Page, Hernandez and Chang",PDmz,2023-02-11,Interest,806,276.21,52900.93
"Wright, Meyer and Wright",rfLo,2023-04-09,Interest,517,463.29,96186.4
Miller Inc,HCDz,2024-03-24,Dividend,688,252.89,84265.2
Moss-Kramer,cXSp,2022-12-24,Dividend,686,403.89,88530.01
Torres and Sons,Bwtq,2023-01-08,Sell,773,327.99,92176.26
"Hudson, Miller and Glenn",omHT,2022-12-05,Buy,607,331.37,62692.16
Hurst LLC,nQPy,2023-09-25,Interest,944,448.59,65790.25
Flynn and Sons,YApJ,2023-12-19,Interest,658,240.25,4748.69
Glenn-Harper,ToZq,2023-05-14,Sell,31,388.54,13197.13
Davis Ltd,DUNy,2022-12-23,Sell,773,240.22,36987.7
Davis Group,ekdC,2023-12-29,Buy,588,279.11,60539.65
Wall PLC,MRLu,2023-03-05,Buy,583,296.05,42056.18
Watson and Sons,RAOC,2023-03-17,Buy,649,432.4,35044.92
"George, Macias and Garrett",FdYx,2024-03-10,Buy,475,201.27,37170.84
Moore Group,HCBi,2024-06-11,Sell,788,474.12,17419.78
Chang-Johnson,xzZa,2023-09-14,Buy,355,135.31,22301.63
Butler PLC,cngU,2023-12-03,Interest,321,125.46,60189.69
Hernandez-Hoover,NUIR,2023-10-12,Buy,711,17.92,71354.4
Griffin-Martin,JiuN,2023-10-11,Buy,62,147.77,3040.6
Ross-Stephenson,Sjjp,2022-10-21,Interest,254,188.39,22088.78
Alvarez Inc,kndN,2023-02-17,Interest,3,297.27,6873.66
Carter-Cox,cgbd,2024-08-11,Dividend,98,121.61,48923.67
"Spears, Velasquez and Wong",kLFQ,2024-08-07,Sell,214,78.8,84687.5
Bailey LLC,vzwi,2022-11-28,Sell,1,357.24,77785.12
Gonzalez-Diaz,zZny,2023-01-20,Interest,554,263.71,82373.74
Smith PLC,ObVK,2023-05-03,Sell,510,74.25,39874.33
Chavez PLC,LFFu,2023-07-10,Sell,315,421.37,83220.29
Davis Ltd,Vvbm,2022-10-13,Dividend,592,153.07,52916.04
Jenkins LLC,jOuV,2023-04-16,Sell,381,74.93,78401.82
Fry Inc,IYkl,2023-07-26,Sell,398,46.92,27097.02
Villanueva and Sons,kiXP,2023-04-14,Sell,894,442.77,93169.51
"Russell, Daniels and Wood",ajQY,2023-05-24,Dividend,262,443.02,66607.53
Torres-Smith,EEQW,2023-09-08,Interest,508,349.19,85192.84
Ibarra-Harris,uJxc,2022-12-08,Buy,947,58.05,66139.15
"Hart, Frank and Cole",cuoV,2022-12-12,Dividend,243,440.45,37506.02
Villarreal-Davis,HOgX,2023-02-25,Interest,152,209.25,41999.81
Harris-Martinez,gPNZ,2023-07-18,Buy,916,375.57,3211.23
Arias Group,igmN,2024-04-28,Interest,468,399.2,53562.92
"Anderson, Jacobson and Mullen",WOoq,2023-04-12,Sell,799,361.56,93702.24
Byrd-Gordon,caoS,2022-11-12,Dividend,123,450.01,56608.42
Lowe Inc,ZdAT,2023-06-26,Interest,23,194.22,61965.13
Valdez-Gonzalez,vhqw,2023-05-06,Buy,838,48.32,88780.66
Smith-Alvarez,isqX,2023-01-19,Dividend,195,490.21,94745.94
"Douglas, Hubbard and Diaz",FiHQ,2023-08-25,Sell,737,290.94,50220.98
Montes Group,CiSU,2023-11-19,Interest,16,215.39,61532.33
Brady-Adkins,HFEd,2024-06-08,Buy,80,278.77,83911.15
"Heath, Acosta and Reyes",UTbK,2024-03-11,Sell,940,239.74,61243.76
Thomas Inc,aTCW,2022-10-13,Interest,86,32.14,75515.53
Hansen-Patrick,nUuD,2024-01-27,Dividend,674,475.4,22698.82
Powers Ltd,Lpry,2023-11-10,Buy,285,106.65,76187.0
Mitchell Inc,igKB,2024-08-11,Dividend,984,59.11,35734.28
"Walker, Gonzalez and Marsh",rpFT,2024-01-16,Sell,958,256.82,81256.06
Lopez-Martinez,Byuj,2022-10-26,Sell,597,348.94,88010.26
Soto-Griffin,Chbd,2023-08-16,Interest,833,459.56,42671.16
Franklin LLC,dhib,2024-04-01,Interest,588,439.27,27991.66
"Johnson, George and Scott",sCsX,2024-08-10,Sell,670,240.28,68773.6
Collins-Spencer,aIXB,2024-01-10,Buy,555,344.99,5869.3
Thomas-Everett,Pzbw,2024-04-23,Interest,836,401.47,52265.03
Martin Inc,TVWZ,2023-10-14,Interest,171,429.83,13935.6
Stewart Inc,iecC,2023-04-07,Buy,793,77.42,1606.72
Townsend LLC,WoBN,2023-04-15,Sell,746,309.17,10357.52
"Smith, Castaneda and Stanley",KYQe,2023-03-29,Sell,988,265.15,48693.29
"Davidson, Pena and Zuniga",ppVr,2023-05-05,Dividend,715,231.82,94505.49
Mitchell and Sons,Bmns,2023-08-20,Sell,300,10.04,30143.85
Kelly-Jones,XRGB,2023-10-07,Buy,714,371.56,72168.3
Wright-Powell,vdxR,2023-03-11,Buy,258,21.31,2102.98
Hardin-Alexander,qIfH,2023-08-30,Buy,57,339.23,92518.95
Buchanan-Gonzalez,OXsy,2024-08-20,Sell,328,88.69,2132.31
Mcgee LLC,uSBd,2023-02-17,Dividend,91,132.95,3720.05
Price and Sons,gXKi,2024-05-07,Buy,914,125.31,19945.04
Houston-Watson,vFiu,2024-05-14,Sell,701,475.2,81714.9
Anderson LLC,VbGr,2023-09-29,Interest,24,164.2,14425.45
"Bullock, Perkins and Williams",ruEH,2022-12-01,Dividend,572,259.14,10416.81
Beck-Banks,Pgmv,2023-12-22,Interest,577,311.15,27594.92
Ellis Inc,DNCl,2023-06-26,Interest,57,483.11,37183.13
Jordan-Carlson,XBuB,2023-02-22,Interest,973,359.69,11729.35
Burke-Reed,msXd,2023-05-26,Interest,480,427.67,1391.52
"Walker, Young and Gardner",BJoT,2023-01-03,Buy,426,403.57,82285.59
Johnson-Rice,wJdv,2024-08-03,Dividend,301,201.2,20068.07
"Marsh, Roberts and Moore",AwRd,2022-12-23,Interest,828,109.86,68357.84
Brown-Hall,LdnD,2024-08-11,Buy,265,272.06,77626.55
"Dixon, Flores and Stewart",QsuV,2023-12-22,Interest,175,423.33,96096.68
Wright-Decker,dBHx,2023-07-15,Buy,859,357.57,79044.18
"Perez, Johnson and Rowe",DCyJ,2023-04-16,Sell,582,328.28,23316.49
"Schmidt, Underwood and Wilson",VCaU,2024-01-05,Interest,810,28.7,7352.25
"Moore, Garcia and Diaz",asNE,2024-08-31,Sell,243,256.09,31072.13
Davis-Francis,NJWM,2023-10-01,Dividend,477,365.45,5147.64
Reed PLC,BPYR,2024-09-16,Dividend,808,140.48,7632.17
Barnett PLC,cecC,2023-05-28,Dividend,75,79.57,77044.38
Powell LLC,gwVk,2023-10-23,Buy,135,253.89,85362.69
